{
  "Glazbala": {
    "url": "glazbala",
    "Trzalački instrumenti i oprema": {
      "url": "trzalacki-instrumenti-i-oprema",
      "Električne gitare": {
        "url": "elektricne-gitare"
      },
      "Akustične gitare": {
        "url": "akusticne-gitare"
      },
      "Klasične gitare": {
        "url": "klasicne-gitare"
      },
      "Drugi trzalački instrumenti": {
        "url": "drugi-trzalacki-instrumenti"
      }
    },
    "Gudački instrumenti i oprema": {
      "url": "gudacki-instrumenti-i-oprema",
      "Violina": {
        "url": "violina"
      },
      "Viola": {
        "url": "viola"
      },
      "Violončelo": {
        "url": "violoncelo"
      },
      "Kontrabas": {
        "url": "kontrabas"
      },
      "Ostali gudački instrumenti i oprema": {
        "url": "ostali-gudacki-instrumenti-i-oprema"
      }
    },
    "Puhački instrumenti i oprema": {
      "url": "puhacki-instrumenti-i-oprema",
      "Flauta": {
        "url": "flauta"
      },
      "Klarinet": {
        "url": "klarinet"
      },
      "Saksofon": {
        "url": "saksofon"
      },
      "Trombon": {
        "url": "trombon"
      },
      "Truba": {
        "url": "truba"
      },
      "Ostali puhački instrumenti i oprema": {
        "url": "ostali-puhacki-instrumenti-i-oprema"
      }
    },
    "Udaraljke i oprema": {
      "url": "udaraljke-i-oprema",
      "Bubnjevi": {
        "url": "bubnjevi"
      },
      "Timpani": {
        "url": "timpani"
      },
      "Tamburine": {
        "url": "tamburine"
      },
      "Cajon": {
        "url": "cajon"
      },
      "Ostale udaraljke i oprema": {
        "url": "ostale-udaraljke-i-oprema"
      }
    },
    "Klavijature i oprema": {
      "url": "klavijature-i-oprema",
      "Klasični klaviri": {
        "url": "klasicni-klaviri"
      },
      "Digitalni klaviri": {
        "url": "digitalni-klaviri"
      },
      "Električne klavijature": {
        "url": "elektricne-klavijature"
      },
      "Akordeon": {
        "url": "akordeon"
      },
      "Harmonika": {
        "url": "harmonika"
      },
      "Ostale klavijature i oprema": {
        "url": "ostale-klavijature-i-oprema"
      }
    },
    "Razglasi i studio oprema": {
      "url": "razglasi-i-studio-oprema",
      "Mikrofoni": {
        "url": "mikrofoni"
      },
      "Miksete": {
        "url": "miksete"
      },
      "Pojačala": {
        "url": "pojacala"
      },
      "Zvučnici": {
        "url": "zvucnici"
      },
      "Ostala oprema za razglase i studio": {
        "url": "ostala-oprema-za-razglase-i-studio"
      }
    },
    "Ostali glazbeni instrumenti": {
      "url": "ostali-glazbeni-instrumenti"
    },
    "Ostala glazbena oprema": {
      "url": "ostala-glazbena-oprema"
    }
  },
  "Nekretnine": {
    "url": "nekretnine",
    "Stanovi": {
      "url": "stanovi"
    },
    "Kuće": {
      "url": "kuce"
    },
    "Poslovni prostori": {
      "url": "poslovni-prostori"
    },
    "Zemljišta": {
      "url": "zemljista"
    }
  },
  "Vozila": {
    "url": "vozila",
    "Automobili": {
      "url": "automobili"
    },
    "Motocikli": {
      "url": "motocikli"
    },
    "Kamioni": {
      "url": "kamioni"
    },
    "Plovila": {
      "url": "plovila"
    }
  },
  "Elektronika": {
    "url": "elektronika",
    "Mobilni telefoni": {
      "url": "mobilni-telefoni"
    },
    "Laptopi": {
      "url": "laptopi"
    },
    "Televizori": {
      "url": "televizori"
    },
    "Kamere": {
      "url": "kamere"
    },
    "Gaming oprema": {
      "url": "gaming-oprema"
    }
  },
  "Odjeća i obuća": {
    "url": "odjeca-i-obuca",
    "Muška odjeća": {
      "url": "muska-odjeca"
    },
    "Ženska odjeća": {
      "url": "zenska-odjeca"
    },
    "Dječja odjeća": {
      "url": "djecja-odjeca"
    },
    "Obuća": {
      "url": "obuca"
    },
    "Modni dodaci": {
      "url": "modni-dodaci"
    }
  },
  "Sport i rekreacija": {
    "url": "sport-i-rekreacija",
    "Fitnes oprema": {
      "url": "fitnes-oprema"
    },
    "Sportska odjeća": {
      "url": "sportska-odjeca"
    },
    "Bicikli": {
      "url": "bicikli"
    },
    "Sportska obuća": {
      "url": "sportska-obuca"
    },
    "Sportski rekviziti": {
      "url": "sportski-rekviziti"
    }
  },
  "Literatura": {
    "url": "literatura",
    "Knjige": {
      "url": "knjige"
    },
    "Časopisi": {
      "url": "casopisi"
    },
    "Stripovi": {
      "url": "stripovi"
    }
  },
  "Kućni ljubimci": {
    "url": "kucni-ljubimci",
    "Psi": {
      "url": "psi"
    },
    "Mačke": {
      "url": "macke"
    },
    "Ptice": {
      "url": "ptice"
    },
    "Ribe": {
      "url": "ribe"
    }
  },
  "Strojevi i alati": {
    "url": "strojevi-i-alati",
    "Električni alati": {
      "url": "elektricni-alati"
    },
    "Ručni alati": {
      "url": "rucni-alati"
    },
    "Građevinski strojevi": {
      "url": "gradjevinski-strojevi"
    },
    "Oprema za obradu metala": {
      "url": "oprema-za-obradu-metala"
    },
    "Oprema za obradu drva": {
      "url": "oprema-za-obradu-drva"
    }
  },
  "Profesionalna oprema": {
    "url": "profesionalna-oprema",
    "Uredski namještaj": {
      "url": "uredski-namjestaj"
    },
    "Industrijska oprema": {
      "url": "industrijska-oprema"
    },
    "Medicinska oprema": {
      "url": "medicinska-oprema"
    },
    "Laboratorijska oprema": {
      "url": "laboratorijska-oprema"
    },
    "Gastronomska oprema": {
      "url": "gastronomska-oprema"
    }
  },
  "Sve za školu": {
    "url": "sve-za-skolu",
    "Školski pribor": {
      "url": "skolski-pribor"
    },
    "Udžbenici": {
      "url": "udzbenici"
    },
    "Školska odjeća": {
      "url": "skolska-odjeca"
    },
    "Sportska oprema za školu": {
      "url": "sportska-oprema-za-skolu"
    },
    "Računala i oprema za učionice": {
      "url": "racunala-i-oprema-za-ucionice"
    }
  },
  "Kolekcionarstvo": {
    "url": "kolekcionarstvo",
    "Numizmatika": {
      "url": "numizmatika"
    },
    "Filatelija": {
      "url": "filatelija"
    },
    "Antikviteti": {
      "url": "antikviteti"
    },
    "Sportski suveniri": {
      "url": "sportski-suveniri"
    },
    "Umjetnine": {
      "url": "umjetnine"
    }
  },
  "Hobi i obrt": {
    "url": "hobi-i-obrt",
    "Pletenje i heklanje": {
      "url": "pletenje-i-heklanje"
    },
    "Keramika": {
      "url": "keramika"
    },
    "Fotografija": {
      "url": "fotografija"
    },
    "Vrtlarenje": {
      "url": "vrtlarenje"
    }
  },
  "Dječji kutak": {
    "url": "djecji-kutak",
    "Edukativne igračke": {
      "url": "edukativne-igracke"
    },
    "Igre na otvorenom": {
      "url": "igre-na-otvorenom"
    },
    "Dječji namještaj": {
      "url": "djecji-namjestaj"
    },
    "Kolica i autosjedalice": {
      "url": "kolica-i-autosjedalice"
    }
  },
  "Zdravlje i wellness": {
    "url": "zdravlje-i-wellness",
    "Fitness": {
      "url": "fitness"
    },
    "Yoga i meditacija": {
      "url": "yoga-i-meditacija"
    },
    "Dijetetika": {
      "url": "dijetetika"
    },
    "Alternativna medicina": {
      "url": "alternativna-medicina"
    },
    "Wellness centri": {
      "url": "wellness-centri"
    }
  },
  "Moda i ljepota": {
    "url": "moda-i-ljepota",
    "Odjeća": {
      "url": "odjeca"
    },
    "Obuća": {
      "url": "obuca"
    },
    "Nakit": {
      "url": "nakit"
    },
    "Kozmetika": {
      "url": "kozmetika"
    },
    "Frizerski saloni": {
      "url": "frizerski-saloni"
    }
  }
}